<?xml version="1.0" encoding="UTF-8"?>
<GenRun Id="impl_1" LaunchPart="xc7a35tcpg236-1" LaunchTime="1749218072">
  <File Type="PA-TCL" Name="top_afisare_pin.tcl"/>
  <File Type="REPORTS-TCL" Name="top_afisare_pin_reports.tcl"/>
  <File Type="INIT-TIMING" Name="top_afisare_pin_timing_summary_init.rpt"/>
  <File Type="OPT-DCP" Name="top_afisare_pin_opt.dcp"/>
  <File Type="OPT-DRC" Name="top_afisare_pin_drc_opted.rpt"/>
  <File Type="OPT-METHODOLOGY-DRC" Name="top_afisare_pin_methodology_drc_opted.rpt"/>
  <File Type="OPT-HWDEF" Name="top_afisare_pin.hwdef"/>
  <File Type="OPT-TIMING" Name="top_afisare_pin_timing_summary_opted.rpt"/>
  <File Type="OPT-RQA-PB" Name="top_afisare_pin_rqa_opted.pb"/>
  <File Type="PWROPT-DCP" Name="top_afisare_pin_pwropt.dcp"/>
  <File Type="PWROPT-DRC" Name="top_afisare_pin_drc_pwropted.rpt"/>
  <File Type="PWROPT-TIMING" Name="top_afisare_pin_timing_summary_pwropted.rpt"/>
  <File Type="PLACE-DCP" Name="top_afisare_pin_placed.dcp"/>
  <File Type="PLACE-IO" Name="top_afisare_pin_io_placed.rpt"/>
  <File Type="PLACE-CLK" Name="top_afisare_pin_clock_utilization_placed.rpt"/>
  <File Type="PLACE-UTIL" Name="top_afisare_pin_utilization_placed.rpt"/>
  <File Type="PLACE-UTIL-PB" Name="top_afisare_pin_utilization_placed.pb"/>
  <File Type="PLACE-CTRL" Name="top_afisare_pin_control_sets_placed.rpt"/>
  <File Type="PLACE-SIMILARITY" Name="top_afisare_pin_incremental_reuse_placed.rpt"/>
  <File Type="PLACE-PRE-SIMILARITY" Name="top_afisare_pin_incremental_reuse_pre_placed.rpt"/>
  <File Type="PLACE-TIMING" Name="top_afisare_pin_timing_summary_placed.rpt"/>
  <File Type="PLACE-RQA-PB" Name="top_afisare_pin_rqa_placed.pb"/>
  <File Type="POSTPLACE-PWROPT-DCP" Name="top_afisare_pin_postplace_pwropt.dcp"/>
  <File Type="POSTPLACE-PWROPT-TIMING" Name="top_afisare_pin_timing_summary_postplace_pwropted.rpt"/>
  <File Type="PHYSOPT-DCP" Name="top_afisare_pin_physopt.dcp"/>
  <File Type="PHYSOPT-DRC" Name="top_afisare_pin_drc_physopted.rpt"/>
  <File Type="PHYSOPT-TIMING" Name="top_afisare_pin_timing_summary_physopted.rpt"/>
  <File Type="ROUTE-ERROR-DCP" Name="top_afisare_pin_routed_error.dcp"/>
  <File Type="ROUTE-DCP" Name="top_afisare_pin_routed.dcp"/>
  <File Type="ROUTE-BLACKBOX-DCP" Name="top_afisare_pin_routed_bb.dcp"/>
  <File Type="ROUTE-DRC" Name="top_afisare_pin_drc_routed.rpt"/>
  <File Type="ROUTE-DRC-PB" Name="top_afisare_pin_drc_routed.pb"/>
  <File Type="ROUTE-DRC-RPX" Name="top_afisare_pin_drc_routed.rpx"/>
  <File Type="ROUTE-METHODOLOGY-DRC" Name="top_afisare_pin_methodology_drc_routed.rpt"/>
  <File Type="ROUTE-METHODOLOGY-DRC-RPX" Name="top_afisare_pin_methodology_drc_routed.rpx"/>
  <File Type="ROUTE-METHODOLOGY-DRC-PB" Name="top_afisare_pin_methodology_drc_routed.pb"/>
  <File Type="ROUTE-PWR" Name="top_afisare_pin_power_routed.rpt"/>
  <File Type="ROUTE-PWR-SUM" Name="top_afisare_pin_power_summary_routed.pb"/>
  <File Type="ROUTE-PWR-RPX" Name="top_afisare_pin_power_routed.rpx"/>
  <File Type="ROUTE-STATUS" Name="top_afisare_pin_route_status.rpt"/>
  <File Type="ROUTE-STATUS-PB" Name="top_afisare_pin_route_status.pb"/>
  <File Type="ROUTE-TIMINGSUMMARY" Name="top_afisare_pin_timing_summary_routed.rpt"/>
  <File Type="ROUTE-TIMING-PB" Name="top_afisare_pin_timing_summary_routed.pb"/>
  <File Type="ROUTE-TIMING-RPX" Name="top_afisare_pin_timing_summary_routed.rpx"/>
  <File Type="ROUTE-SIMILARITY" Name="top_afisare_pin_incremental_reuse_routed.rpt"/>
  <File Type="ROUTE-CLK" Name="top_afisare_pin_clock_utilization_routed.rpt"/>
  <File Type="ROUTE-BUS-SKEW" Name="top_afisare_pin_bus_skew_routed.rpt"/>
  <File Type="ROUTE-BUS-SKEW-PB" Name="top_afisare_pin_bus_skew_routed.pb"/>
  <File Type="ROUTE-BUS-SKEW-RPX" Name="top_afisare_pin_bus_skew_routed.rpx"/>
  <File Type="ROUTE-RQS-PB" Name="top_afisare_pin_rqs_routed.pb"/>
  <File Type="POSTROUTE-PHYSOPT-DCP" Name="top_afisare_pin_postroute_physopt.dcp"/>
  <File Type="POSTROUTE-PHYSOPT-BLACKBOX-DCP" Name="top_afisare_pin_postroute_physopt_bb.dcp"/>
  <File Type="POSTROUTE-PHYSOPT-TIMING" Name="top_afisare_pin_timing_summary_postroute_physopted.rpt"/>
  <File Type="POSTROUTE-PHYSOPT-TIMING-PB" Name="top_afisare_pin_timing_summary_postroute_physopted.pb"/>
  <File Type="POSTROUTE-PHYSOPT-TIMING-RPX" Name="top_afisare_pin_timing_summary_postroute_physopted.rpx"/>
  <File Type="POSTROUTE-PHYSOPT-BUS-SKEW" Name="top_afisare_pin_bus_skew_postroute_physopted.rpt"/>
  <File Type="POSTROUTE-PHYSOPT-BUS-SKEW-PB" Name="top_afisare_pin_bus_skew_postroute_physopted.pb"/>
  <File Type="POSTROUTE-PHYSOPT-BUS-SKEW-RPX" Name="top_afisare_pin_bus_skew_postroute_physopted.rpx"/>
  <File Type="BG-BIT" Name="top_afisare_pin.bit"/>
  <File Type="BG-BIN" Name="top_afisare_pin.bin"/>
  <File Type="BITSTR-MSK" Name="top_afisare_pin.msk"/>
  <File Type="BITSTR-RBT" Name="top_afisare_pin.rbt"/>
  <File Type="BITSTR-NKY" Name="top_afisare_pin.nky"/>
  <File Type="BITSTR-BMM" Name="top_afisare_pin_bd.bmm"/>
  <File Type="BITSTR-MMI" Name="top_afisare_pin.mmi"/>
  <File Type="PDI-FILE" Name="top_afisare_pin.pdi"/>
  <File Type="BOOT-PDI-FILE" Name="top_afisare_pin_boot.pdi"/>
  <File Type="PL-PDI-FILE" Name="top_afisare_pin_pld.pdi"/>
  <File Type="RCFI_FILE" Name="top_afisare_pin.rcfi"/>
  <File Type="CFI_FILE" Name="top_afisare_pin.cfi"/>
  <File Type="RNPI_FILE" Name="top_afisare_pin.rnpi"/>
  <File Type="NPI_FILE" Name="top_afisare_pin.npi"/>
  <File Type="RBD_FILE" Name="top_afisare_pin.rbd"/>
  <File Type="BITSTR-LTX" Name="debug_nets.ltx"/>
  <File Type="BITSTR-LTX" Name="top_afisare_pin.ltx"/>
  <File Type="BITSTR-SYSDEF" Name="top_afisare_pin.sysdef"/>
  <File Type="BG-BGN" Name="top_afisare_pin.bgn"/>
  <File Type="BG-DRC" Name="top_afisare_pin.drc"/>
  <File Type="RDI-RDI" Name="top_afisare_pin.vdi"/>
  <File Type="WBT-USG" Name="usage_statistics_webtalk.html"/>
  <File Type="ROUTE-RQS" Name="top_afisare_pin_routed.rqs"/>
  <File Type="POSTROUTE-PHYSOPT-RQS" Name="top_afisare_pin_postroute_physopted.rqs"/>
  <File Type="ROUTE-RQS-RPT" Name="route_report_qor_suggestions_0.rpt"/>
  <File Type="POSTROUTE-PHYSOPT-RQS-RPT" Name="postroute_physopt_report_qor_suggestions_0.rpt"/>
  <FileSet Name="sources" Type="DesignSrcs" RelSrcDir="$PSRCDIR/sources_1" RelGenDir="$PGENDIR/sources_1">
    <Filter Type="Srcs"/>
    <File Path="$PSRCDIR/sources_1/new/afisare_4cifre.vhd">
      <FileInfo>
        <Attr Name="UsedIn" Val="synthesis"/>
        <Attr Name="UsedIn" Val="simulation"/>
      </FileInfo>
    </File>
    <File Path="$PSRCDIR/sources_1/new/balance_ram.vhd">
      <FileInfo>
        <Attr Name="UsedIn" Val="synthesis"/>
        <Attr Name="UsedIn" Val="simulation"/>
      </FileInfo>
    </File>
    <File Path="$PSRCDIR/sources_1/new/counter_pos.vhd">
      <FileInfo>
        <Attr Name="UsedIn" Val="synthesis"/>
        <Attr Name="UsedIn" Val="simulation"/>
      </FileInfo>
    </File>
    <File Path="$PSRCDIR/sources_1/new/deposit_ctrl.vhd">
      <FileInfo>
        <Attr Name="UsedIn" Val="synthesis"/>
        <Attr Name="UsedIn" Val="simulation"/>
      </FileInfo>
    </File>
    <File Path="$PSRCDIR/sources_1/new/display_bcd.vhd">
      <FileInfo>
        <Attr Name="UsedIn" Val="synthesis"/>
        <Attr Name="UsedIn" Val="simulation"/>
      </FileInfo>
    </File>
    <File Path="$PSRCDIR/sources_1/new/divizor_de_frecventa.vhd">
      <FileInfo>
        <Attr Name="UsedIn" Val="synthesis"/>
        <Attr Name="UsedIn" Val="simulation"/>
      </FileInfo>
    </File>
    <File Path="$PSRCDIR/sources_1/new/edge_detector.vhd">
      <FileInfo>
        <Attr Name="UsedIn" Val="synthesis"/>
        <Attr Name="UsedIn" Val="simulation"/>
      </FileInfo>
    </File>
    <File Path="$PSRCDIR/sources_1/new/err_display.vhd">
      <FileInfo>
        <Attr Name="UsedIn" Val="synthesis"/>
        <Attr Name="UsedIn" Val="simulation"/>
      </FileInfo>
    </File>
    <File Path="$PSRCDIR/sources_1/new/numarator_modulo10.vhd">
      <FileInfo>
        <Attr Name="UsedIn" Val="synthesis"/>
        <Attr Name="UsedIn" Val="simulation"/>
      </FileInfo>
    </File>
    <File Path="$PSRCDIR/sources_1/new/pin_compare.vhd">
      <FileInfo>
        <Attr Name="UsedIn" Val="synthesis"/>
        <Attr Name="UsedIn" Val="simulation"/>
      </FileInfo>
    </File>
    <File Path="$PSRCDIR/sources_1/new/pin_entry.vhd">
      <FileInfo>
        <Attr Name="UsedIn" Val="synthesis"/>
        <Attr Name="UsedIn" Val="simulation"/>
      </FileInfo>
    </File>
    <File Path="$PSRCDIR/sources_1/new/pin_register.vhd">
      <FileInfo>
        <Attr Name="UsedIn" Val="synthesis"/>
        <Attr Name="UsedIn" Val="simulation"/>
      </FileInfo>
    </File>
    <File Path="$PSRCDIR/sources_1/new/withdrawal_ctrl.vhd">
      <FileInfo>
        <Attr Name="UsedIn" Val="synthesis"/>
        <Attr Name="UsedIn" Val="simulation"/>
      </FileInfo>
    </File>
    <File Path="$PSRCDIR/sources_1/new/withdrawal_display.vhd">
      <FileInfo>
        <Attr Name="UsedIn" Val="synthesis"/>
        <Attr Name="UsedIn" Val="simulation"/>
      </FileInfo>
    </File>
    <File Path="$PSRCDIR/sources_1/new/top_afisare_pin.vhd">
      <FileInfo>
        <Attr Name="UsedIn" Val="synthesis"/>
        <Attr Name="UsedIn" Val="simulation"/>
      </FileInfo>
    </File>
    <File Path="$PSRCDIR/sources_1/new/pin_storage.vhd">
      <FileInfo>
        <Attr Name="AutoDisabled" Val="1"/>
        <Attr Name="UsedIn" Val="synthesis"/>
        <Attr Name="UsedIn" Val="simulation"/>
      </FileInfo>
    </File>
    <File Path="$PSRCDIR/sources_1/new/bcd_to7seg.vhd">
      <FileInfo>
        <Attr Name="AutoDisabled" Val="1"/>
        <Attr Name="UsedIn" Val="synthesis"/>
        <Attr Name="UsedIn" Val="simulation"/>
      </FileInfo>
    </File>
    <File Path="$PSRCDIR/sources_1/new/afisare_numarator.vhd">
      <FileInfo>
        <Attr Name="AutoDisabled" Val="1"/>
        <Attr Name="UsedIn" Val="synthesis"/>
        <Attr Name="UsedIn" Val="simulation"/>
      </FileInfo>
    </File>
    <Config>
      <Option Name="DesignMode" Val="RTL"/>
      <Option Name="TopModule" Val="top_afisare_pin"/>
    </Config>
  </FileSet>
  <FileSet Name="constrs_in" Type="Constrs" RelSrcDir="$PSRCDIR/constrs_1" RelGenDir="$PGENDIR/constrs_1">
    <Filter Type="Constrs"/>
    <File Path="$PPRDIR/Basys-3-Master.xdc">
      <FileInfo>
        <Attr Name="UsedIn" Val="synthesis"/>
        <Attr Name="UsedIn" Val="implementation"/>
      </FileInfo>
    </File>
    <Config>
      <Option Name="ConstrsType" Val="XDC"/>
    </Config>
  </FileSet>
  <FileSet Name="utils" Type="Utils" RelSrcDir="$PSRCDIR/utils_1" RelGenDir="$PGENDIR/utils_1">
    <Filter Type="Utils"/>
    <File Path="$PSRCDIR/utils_1/imports/synth_1/afisare_numarator.dcp">
      <FileInfo>
        <Attr Name="UsedIn" Val="synthesis"/>
        <Attr Name="UsedIn" Val="implementation"/>
        <Attr Name="UsedInSteps" Val="synth_1"/>
        <Attr Name="AutoDcp" Val="1"/>
      </FileInfo>
    </File>
    <Config>
      <Option Name="TopAutoSet" Val="TRUE"/>
    </Config>
  </FileSet>
  <Strategy Version="1" Minor="2">
    <StratHandle Name="Vivado Implementation Defaults" Flow="Vivado Implementation 2024"/>
    <Step Id="init_design"/>
    <Step Id="opt_design"/>
    <Step Id="power_opt_design"/>
    <Step Id="place_design"/>
    <Step Id="post_place_power_opt_design"/>
    <Step Id="phys_opt_design"/>
    <Step Id="route_design"/>
    <Step Id="post_route_phys_opt_design"/>
    <Step Id="write_bitstream"/>
  </Strategy>
</GenRun>
